Participant id,Completion code
670348a0446814e5ead1e672,waitingbonus
68544bac4c539c49653e0a46,waitingbonus
67c0b00f366cea0441141661,waitingbonus
6134d8a566bc3dffe880e879,waitingbonus
68531c7dc2ca6035d7050eb4,waitingbonus
68386778cc091771a67e44bb,waitingbonus
6841f7d538b87986ef731e79,waitingbonus
68589946aea5caddca0e02c9,waitingbonus
6855fb1855c288e12373f949,waitingbonus
68550fa5a978eb08ac6fc89d,waitingbonus
6830cd2cb787d0ff958fd205,waitingbonus
67d9b887153011f49e8a5f3f,waitingbonus
67ed7fcc9c3fed624a54de23,waitingbonus
651c4484ba17050f6b716614,waitingbonus
68445dc1310b2f115046ae25,waitingbonus